<annotation verified="yes">
	<folder>GPR_to_IMG</folder>
	<filename>2-3.zol5.jpg</filename>
	<path>/media/psdz/Samsung_T5/管道雷达图/GPR_to_IMG/2-3.zol5.jpg</path>
	<source>
		<database>Unknown</database>
	</source>
	<size>
		<width>1024</width>
		<height>512</height>
		<depth>1</depth>
	</size>
	<segmented>0</segmented>
	<object>
		<name>Separate</name>
		<pose>Unspecified</pose>
		<truncated>0</truncated>
		<difficult>0</difficult>
		<bndbox>
			<xmin>202</xmin>
			<ymin>59</ymin>
			<xmax>403</xmax>
			<ymax>225</ymax>
		</bndbox>
	</object>
	<object>
		<name>Separate</name>
		<pose>Unspecified</pose>
		<truncated>0</truncated>
		<difficult>0</difficult>
		<bndbox>
			<xmin>409</xmin>
			<ymin>53</ymin>
			<xmax>875</xmax>
			<ymax>170</ymax>
		</bndbox>
	</object>
	<object>
		<name>Separate</name>
		<pose>Unspecified</pose>
		<truncated>0</truncated>
		<difficult>0</difficult>
		<bndbox>
			<xmin>885</xmin>
			<ymin>58</ymin>
			<xmax>1018</xmax>
			<ymax>212</ymax>
		</bndbox>
	</object>
</annotation>
