<annotation verified="yes">
	<folder>GPR_to_IMG</folder>
	<filename>2-3.zol11.jpg</filename>
	<path>/media/psdz/Samsung_T5/管道雷达图/GPR_to_IMG/2-3.zol11.jpg</path>
	<source>
		<database>Unknown</database>
	</source>
	<size>
		<width>1024</width>
		<height>512</height>
		<depth>1</depth>
	</size>
	<segmented>0</segmented>
	<object>
		<name>Loose</name>
		<pose>Unspecified</pose>
		<truncated>1</truncated>
		<difficult>0</difficult>
		<bndbox>
			<xmin>701</xmin>
			<ymin>115</ymin>
			<xmax>1024</xmax>
			<ymax>324</ymax>
		</bndbox>
	</object>
</annotation>
