<annotation verified="yes">
	<folder>GPR_to_IMG</folder>
	<filename>3-1.gan1.jpg</filename>
	<path>/media/psdz/Samsung_T5/管道雷达图/GPR_to_IMG/3-1.gan1.jpg</path>
	<source>
		<database>Unknown</database>
	</source>
	<size>
		<width>1024</width>
		<height>512</height>
		<depth>1</depth>
	</size>
	<segmented>0</segmented>
	<object>
		<name>Separate</name>
		<pose>Unspecified</pose>
		<truncated>0</truncated>
		<difficult>0</difficult>
		<bndbox>
			<xmin>132</xmin>
			<ymin>118</ymin>
			<xmax>381</xmax>
			<ymax>309</ymax>
		</bndbox>
	</object>
	<object>
		<name>Separate</name>
		<pose>Unspecified</pose>
		<truncated>0</truncated>
		<difficult>0</difficult>
		<bndbox>
			<xmin>536</xmin>
			<ymin>102</ymin>
			<xmax>783</xmax>
			<ymax>322</ymax>
		</bndbox>
	</object>
	<object>
		<name>Loose</name>
		<pose>Unspecified</pose>
		<truncated>0</truncated>
		<difficult>0</difficult>
		<bndbox>
			<xmin>393</xmin>
			<ymin>153</ymin>
			<xmax>524</xmax>
			<ymax>403</ymax>
		</bndbox>
	</object>
	<object>
		<name>Loose</name>
		<pose>Unspecified</pose>
		<truncated>1</truncated>
		<difficult>0</difficult>
		<bndbox>
			<xmin>877</xmin>
			<ymin>107</ymin>
			<xmax>1024</xmax>
			<ymax>350</ymax>
		</bndbox>
	</object>
</annotation>
