<annotation verified="yes">
	<folder>GPR_to_IMG</folder>
	<filename>3-1.gan8.jpg</filename>
	<path>/media/psdz/Samsung_T5/管道雷达图/GPR_to_IMG/3-1.gan8.jpg</path>
	<source>
		<database>Unknown</database>
	</source>
	<size>
		<width>1024</width>
		<height>512</height>
		<depth>1</depth>
	</size>
	<segmented>0</segmented>
	<object>
		<name>Loose</name>
		<pose>Unspecified</pose>
		<truncated>0</truncated>
		<difficult>0</difficult>
		<bndbox>
			<xmin>114</xmin>
			<ymin>155</ymin>
			<xmax>359</xmax>
			<ymax>325</ymax>
		</bndbox>
	</object>
</annotation>
