<annotation verified="yes">
	<folder>GPR_to_IMG</folder>
	<filename>3-2.zol7.jpg</filename>
	<path>/media/psdz/Samsung_T5/管道雷达图/GPR_to_IMG/3-2.zol7.jpg</path>
	<source>
		<database>Unknown</database>
	</source>
	<size>
		<width>1024</width>
		<height>512</height>
		<depth>1</depth>
	</size>
	<segmented>0</segmented>
	<object>
		<name>Separate</name>
		<pose>Unspecified</pose>
		<truncated>1</truncated>
		<difficult>0</difficult>
		<bndbox>
			<xmin>810</xmin>
			<ymin>83</ymin>
			<xmax>1024</xmax>
			<ymax>302</ymax>
		</bndbox>
	</object>
	<object>
		<name>Separate</name>
		<pose>Unspecified</pose>
		<truncated>0</truncated>
		<difficult>0</difficult>
		<bndbox>
			<xmin>105</xmin>
			<ymin>83</ymin>
			<xmax>328</xmax>
			<ymax>188</ymax>
		</bndbox>
	</object>
</annotation>
