<annotation verified="yes">
	<folder>GPR_to_IMG</folder>
	<filename>1-1.gan0.jpg</filename>
	<path>/media/psdz/Samsung_T5/管道雷达图/GPR_to_IMG/1-1.gan0.jpg</path>
	<source>
		<database>Unknown</database>
	</source>
	<size>
		<width>1024</width>
		<height>512</height>
		<depth>1</depth>
	</size>
	<segmented>0</segmented>
	<object>
		<name>Separate</name>
		<pose>Unspecified</pose>
		<truncated>0</truncated>
		<difficult>0</difficult>
		<bndbox>
			<xmin>201</xmin>
			<ymin>139</ymin>
			<xmax>410</xmax>
			<ymax>313</ymax>
		</bndbox>
	</object>
	<object>
		<name>Separate</name>
		<pose>Unspecified</pose>
		<truncated>0</truncated>
		<difficult>0</difficult>
		<bndbox>
			<xmin>422</xmin>
			<ymin>137</ymin>
			<xmax>618</xmax>
			<ymax>359</ymax>
		</bndbox>
	</object>
	<object>
		<name>Separate</name>
		<pose>Unspecified</pose>
		<truncated>0</truncated>
		<difficult>0</difficult>
		<bndbox>
			<xmin>659</xmin>
			<ymin>135</ymin>
			<xmax>908</xmax>
			<ymax>292</ymax>
		</bndbox>
	</object>
</annotation>
