<annotation verified="yes">
	<folder>GPR_to_IMG</folder>
	<filename>1-1.gan10.jpg</filename>
	<path>/media/psdz/Samsung_T5/管道雷达图/GPR_to_IMG/1-1.gan10.jpg</path>
	<source>
		<database>Unknown</database>
	</source>
	<size>
		<width>1024</width>
		<height>512</height>
		<depth>1</depth>
	</size>
	<segmented>0</segmented>
	<object>
		<name>Separate</name>
		<pose>Unspecified</pose>
		<truncated>0</truncated>
		<difficult>0</difficult>
		<bndbox>
			<xmin>190</xmin>
			<ymin>151</ymin>
			<xmax>332</xmax>
			<ymax>388</ymax>
		</bndbox>
	</object>
	<object>
		<name>Separate</name>
		<pose>Unspecified</pose>
		<truncated>0</truncated>
		<difficult>0</difficult>
		<bndbox>
			<xmin>443</xmin>
			<ymin>147</ymin>
			<xmax>607</xmax>
			<ymax>364</ymax>
		</bndbox>
	</object>
</annotation>
